{"cameraMode":{"drawMode":0,"name":"Shaded","section":"Shading Mode"},"sceneLighting":false,"audioPlay":false,"sceneViewState":{"showFog":true,"showMaterialUpdate":false,"showSkybox":false,"showFlares":true,"showImageEffects":true,"showParticleSystems":true},"in2DMode":false,"pivot":{"x":-0.37152743339538576,"y":4.594998359680176,"z":-0.05173325538635254},"rotation":{"x":0.17748093605041505,"y":-0.8225064277648926,"z":0.37471187114715578,"w":0.3894091546535492},"size":3.6332452297210695,"orthographic":false}