{"cameraMode":{"drawMode":0,"name":"Shaded","section":"Shading Mode"},"sceneLighting":true,"audioPlay":false,"sceneViewState":{"showFog":true,"showMaterialUpdate":false,"showSkybox":true,"showFlares":true,"showImageEffects":true,"showParticleSystems":true},"in2DMode":false,"pivot":{"x":-118.6676254272461,"y":178.34262084960938,"z":-10.780351638793946},"rotation":{"x":0.46654143929481509,"y":0.4422621726989746,"z":-0.29119759798049929,"w":0.7085193991661072},"size":60.47930145263672,"orthographic":false}