{"cameraMode":{"drawMode":0,"name":"Shaded","section":"Shading Mode"},"sceneLighting":false,"audioPlay":false,"sceneViewState":{"showFog":true,"showMaterialUpdate":false,"showSkybox":false,"showFlares":true,"showImageEffects":true,"showParticleSystems":true},"in2DMode":false,"pivot":{"x":-9.736470222473145,"y":-1.1397486925125123,"z":-4.126599311828613},"rotation":{"x":-0.03920292481780052,"y":-0.960657000541687,"z":0.2026580572128296,"w":-0.1858445554971695},"size":13.339645385742188,"orthographic":false}