{"cameraMode":{"drawMode":0,"name":"Shaded","section":"Shading Mode"},"sceneLighting":false,"audioPlay":false,"sceneViewState":{"showFog":true,"showMaterialUpdate":false,"showSkybox":false,"showFlares":true,"showImageEffects":true,"showParticleSystems":true},"in2DMode":false,"pivot":{"x":-64.75247192382813,"y":0.1499999761581421,"z":-49.06982421875},"rotation":{"x":0.3199774920940399,"y":-0.642585277557373,"z":0.33773761987686159,"w":0.6088007092475891},"size":8.071041107177735,"orthographic":false}